candidate_id,name,current_title,current_industry,years_of_experience,current_location,education,skills,open_to_work,notice_period_days,recruiter_response_rate,willing_to_relocate,github_commits,certifications_count,headline,summary
cand_ai_001,Candidate AI 1,Junior ML Engineer,Technology,3,Pune,Dual Degree (B.Tech + M.Tech) in CS from BITS Pilani,"git, qdrant, pinecone, tensorflow, machine learning, sql, nlp",False,45,0.88,True,194,0,Junior ML Engineer passionate about solving complex AI and ML challenges.,"Results-driven AI Professional with 3 years of experience specializing in Machine Learning, Deep Learning, and Python development. Proven track record of delivering production-grade AI solutions."
cand_ai_002,Candidate AI 2,Junior ML Engineer,Technology,1,Mumbai,M.Tech in Artificial Intelligence from IIT Madras,"semantic search, python, machine learning, tensorflow, faiss, fastapi, transformers, rag systems",False,45,0.67,True,691,0,Junior ML Engineer passionate about solving complex AI and ML challenges.,"Results-driven AI Professional with 1 years of experience specializing in Machine Learning, Deep Learning, and Python development. Proven track record of delivering production-grade AI solutions."
cand_ai_003,Candidate AI 3,Junior ML Engineer,Technology,1,Hyderabad,B.Tech in Computer Science from IIIT Hyderabad,"pytorch, machine learning, docker, sql, weaviate, python, scikit-learn, qdrant, pandas, faiss, numpy, transformers",False,45,0.69,False,101,2,Junior ML Engineer passionate about solving complex AI and ML challenges.,"Results-driven AI Professional with 1 years of experience specializing in Machine Learning, Deep Learning, and Python development. Proven track record of delivering production-grade AI solutions."
cand_ai_004,Candidate AI 4,Junior ML Engineer,Technology,3,Gurgaon,B.E. in Information Technology from BITS Pilani,"fastapi, git, qdrant, aws, scikit-learn, faiss, transformers, semantic search, llms, nlp, rag systems, weaviate",False,90,0.68,True,1031,0,Junior ML Engineer passionate about solving complex AI and ML challenges.,"Results-driven AI Professional with 3 years of experience specializing in Machine Learning, Deep Learning, and Python development. Proven track record of delivering production-grade AI solutions."
cand_ai_005,Candidate AI 5,Junior ML Engineer,Technology,3,Bangalore,Dual Degree (B.Tech + M.Tech) in CS from Anna University,"tensorflow, vector embeddings, pinecone, weaviate, qdrant, faiss, semantic search, scikit-learn, git, numpy, rag systems",False,60,0.63,False,546,0,Junior ML Engineer passionate about solving complex AI and ML challenges.,"Results-driven AI Professional with 3 years of experience specializing in Machine Learning, Deep Learning, and Python development. Proven track record of delivering production-grade AI solutions."
cand_ai_006,Candidate AI 6,Junior ML Engineer,Technology,3,Chennai,Dual Degree (B.Tech + M.Tech) in CS from VIT University,"numpy, scikit-learn, tensorflow, faiss, pytorch, vector embeddings, semantic search, git",False,90,0.5,False,150,1,Junior ML Engineer passionate about solving complex AI and ML challenges.,"Results-driven AI Professional with 3 years of experience specializing in Machine Learning, Deep Learning, and Python development. Proven track record of delivering production-grade AI solutions."
cand_ai_007,Candidate AI 7,Junior ML Engineer,Technology,3,Mumbai,Dual Degree (B.Tech + M.Tech) in CS from Anna University,"scikit-learn, nlp, pinecone, deep learning, transformers, aws",True,45,0.89,False,643,0,Junior ML Engineer passionate about solving complex AI and ML challenges.,"Results-driven AI Professional with 3 years of experience specializing in Machine Learning, Deep Learning, and Python development. Proven track record of delivering production-grade AI solutions."
cand_ai_008,Candidate AI 8,Junior ML Engineer,Technology,1,Mumbai,B.E. in Information Technology from BITS Pilani,"rag systems, transformers, llms, pinecone, docker, semantic search, fastapi, sql, git, tensorflow, machine learning",False,90,0.84,True,967,0,Junior ML Engineer passionate about solving complex AI and ML challenges.,"Results-driven AI Professional with 1 years of experience specializing in Machine Learning, Deep Learning, and Python development. Proven track record of delivering production-grade AI solutions."
cand_ai_009,Candidate AI 9,Senior AI Engineer,Technology,5,Bangalore,M.Tech in Artificial Intelligence from VIT University,"sql, vector embeddings, docker, aws, pandas, deep learning, semantic search, weaviate, transformers, nlp",True,45,0.76,True,53,2,Senior AI Engineer passionate about solving complex AI and ML challenges.,"Results-driven AI Professional with 5 years of experience specializing in Machine Learning, Deep Learning, and Python development. Proven track record of delivering production-grade AI solutions."
cand_ai_010,Candidate AI 10,Lead AI Engineer,Technology,2,Gurgaon,Dual Degree (B.Tech + M.Tech) in CS from Anna University,"transformers, rag systems, python, nlp, vector embeddings, pytorch, sql, aws, faiss, qdrant",True,60,0.71,False,692,0,Lead AI Engineer passionate about solving complex AI and ML challenges.,"Results-driven AI Professional with 9 years of experience specializing in Machine Learning, Deep Learning, and Python development. Proven track record of delivering production-grade AI solutions."
cand_ai_011,Candidate AI 11,Lead AI Engineer,Technology,10,Pune,B.Tech in Computer Science from Carnegie Mellon University,"pytorch, vector embeddings, scikit-learn, git, tensorflow, weaviate, numpy",True,60,0.71,True,385,0,Lead AI Engineer passionate about solving complex AI and ML challenges.,"Results-driven AI Professional with 10 years of experience specializing in Machine Learning, Deep Learning, and Python development. Proven track record of delivering production-grade AI solutions."
cand_ai_012,Candidate AI 12,Lead AI Engineer,Technology,8,Gurgaon,B.E. in Information Technology from MIT,"llms, pandas, rag systems, sql, nlp, semantic search, fastapi, weaviate, docker, numpy, pinecone, deep learning",False,15,0.95,False,612,1,Lead AI Engineer passionate about solving complex AI and ML challenges.,"Results-driven AI Professional with 8 years of experience specializing in Machine Learning, Deep Learning, and Python development. Proven track record of delivering production-grade AI solutions."
cand_ai_013,Candidate AI 13,ML Engineer,Technology,4,Noida,B.Tech in Computer Science from IIT Madras,"numpy, sql, llms, python, scikit-learn, faiss, tensorflow, docker, qdrant, pytorch, nlp, git",True,15,0.87,False,7,0,ML Engineer passionate about solving complex AI and ML challenges.,"Results-driven AI Professional with 4 years of experience specializing in Machine Learning, Deep Learning, and Python development. Proven track record of delivering production-grade AI solutions."
cand_ai_014,Candidate AI 14,ML Engineer,Technology,4,Pune,M.Tech in Artificial Intelligence from IIT Madras,"llms, tensorflow, rag systems, nlp, python, faiss, git, docker, machine learning, pandas, transformers",False,60,0.82,True,456,0,ML Engineer passionate about solving complex AI and ML challenges.,"Results-driven AI Professional with 4 years of experience specializing in Machine Learning, Deep Learning, and Python development. Proven track record of delivering production-grade AI solutions."
cand_ai_015,Candidate AI 15,Senior AI Engineer,Technology,6,Bangalore,B.E. in Information Technology from BITS Pilani,"nlp, sql, pytorch, transformers, scikit-learn, vector embeddings, python, git, pandas, docker, llms, aws",False,60,0.85,False,455,2,Senior AI Engineer passionate about solving complex AI and ML challenges.,"Results-driven AI Professional with 6 years of experience specializing in Machine Learning, Deep Learning, and Python development. Proven track record of delivering production-grade AI solutions."
cand_ai_016,Candidate AI 16,Senior AI Engineer,Technology,6,Bangalore,M.Tech in Artificial Intelligence from VIT University,"git, docker, scikit-learn, qdrant, nlp, vector embeddings",True,45,0.78,False,506,0,Senior AI Engineer passionate about solving complex AI and ML challenges.,"Results-driven AI Professional with 6 years of experience specializing in Machine Learning, Deep Learning, and Python development. Proven track record of delivering production-grade AI solutions."
cand_ai_017,Candidate AI 17,Senior AI Engineer,Technology,7,Delhi,Dual Degree (B.Tech + M.Tech) in CS from IIT Delhi,"llms, scikit-learn, nlp, machine learning, deep learning, fastapi, pinecone, git, transformers",True,60,0.71,True,261,0,Senior AI Engineer passionate about solving complex AI and ML challenges.,"Results-driven AI Professional with 7 years of experience specializing in Machine Learning, Deep Learning, and Python development. Proven track record of delivering production-grade AI solutions."
cand_ai_018,Candidate AI 18,ML Engineer,Technology,4,Gurgaon,Dual Degree (B.Tech + M.Tech) in CS from Stanford University,"numpy, sql, pandas, semantic search, faiss, python",False,30,0.58,False,439,0,ML Engineer passionate about solving complex AI and ML challenges.,"Results-driven AI Professional with 4 years of experience specializing in Machine Learning, Deep Learning, and Python development. Proven track record of delivering production-grade AI solutions."
cand_ai_019,Candidate AI 19,Lead AI Engineer,Technology,11,Delhi,M.S. in Computer Science from Carnegie Mellon University,"llms, python, weaviate, pytorch, vector embeddings, sql, qdrant, faiss, deep learning, rag systems, numpy, semantic search",False,60,0.66,True,519,0,Lead AI Engineer passionate about solving complex AI and ML challenges.,"Results-driven AI Professional with 11 years of experience specializing in Machine Learning, Deep Learning, and Python development. Proven track record of delivering production-grade AI solutions."
cand_ai_020,Candidate AI 20,Lead AI Engineer,Technology,10,Pune,B.Tech in Computer Science from BITS Pilani,"python, machine learning, deep learning, llms, rag systems, fastapi",True,60,0.56,True,1488,0,Lead AI Engineer passionate about solving complex AI and ML challenges.,"Results-driven AI Professional with 10 years of experience specializing in Machine Learning, Deep Learning, and Python development. Proven track record of delivering production-grade AI solutions."
cand_ai_021,Candidate AI 21,Lead AI Engineer,Technology,11,Mumbai,Dual Degree (B.Tech + M.Tech) in CS from IIT Madras,"tensorflow, numpy, machine learning, llms, rag systems, semantic search, deep learning, aws, qdrant, scikit-learn",False,15,0.8,True,782,0,Lead AI Engineer passionate about solving complex AI and ML challenges.,"Results-driven AI Professional with 11 years of experience specializing in Machine Learning, Deep Learning, and Python development. Proven track record of delivering production-grade AI solutions."
cand_ai_022,Candidate AI 22,Senior AI Engineer,Technology,5,Chennai,B.Tech in Computer Science from Stanford University,"python, pytorch, sql, weaviate, qdrant, vector embeddings, nlp, fastapi, semantic search, git, llms, scikit-learn",False,30,0.59,True,187,0,Senior AI Engineer passionate about solving complex AI and ML challenges.,"Results-driven AI Professional with 5 years of experience specializing in Machine Learning, Deep Learning, and Python development. Proven track record of delivering production-grade AI solutions."
cand_ai_023,Candidate AI 23,Senior AI Engineer,Technology,7,Pune,M.Tech in Artificial Intelligence from IIT Delhi,"numpy, git, docker, rag systems, aws, llms, pandas",True,0,0.54,False,708,0,Senior AI Engineer passionate about solving complex AI and ML challenges.,"Results-driven AI Professional with 7 years of experience specializing in Machine Learning, Deep Learning, and Python development. Proven track record of delivering production-grade AI solutions."
cand_ai_024,Candidate AI 24,Senior AI Engineer,Technology,6,Mumbai,B.E. in Information Technology from Carnegie Mellon University,"faiss, pandas, tensorflow, llms, rag systems, qdrant, semantic search, numpy, sql, git, docker",True,90,0.83,False,896,2,Senior AI Engineer passionate about solving complex AI and ML challenges.,"Results-driven AI Professional with 6 years of experience specializing in Machine Learning, Deep Learning, and Python development. Proven track record of delivering production-grade AI solutions."
cand_ai_025,Candidate AI 25,ML Engineer,Technology,4,Hyderabad,M.S. in Computer Science from IIIT Hyderabad,"llms, pytorch, qdrant, fastapi, python, numpy, pandas, deep learning, git",True,15,0.71,False,314,0,ML Engineer passionate about solving complex AI and ML challenges.,"Results-driven AI Professional with 4 years of experience specializing in Machine Learning, Deep Learning, and Python development. Proven track record of delivering production-grade AI solutions."
cand_ai_026,Candidate AI 26,Lead AI Engineer,Technology,11,Gurgaon,B.Tech in Computer Science from MIT,"deep learning, transformers, docker, pytorch, pinecone, numpy, faiss",False,30,0.63,False,704,0,Lead AI Engineer passionate about solving complex AI and ML challenges.,"Results-driven AI Professional with 11 years of experience specializing in Machine Learning, Deep Learning, and Python development. Proven track record of delivering production-grade AI solutions."
cand_ai_027,Candidate AI 27,Lead AI Engineer,Technology,8,Noida,Dual Degree (B.Tech + M.Tech) in CS from Delhi Technological University,"machine learning, docker, sql, numpy, qdrant, pytorch, pinecone, semantic search",True,30,0.52,True,108,1,Lead AI Engineer passionate about solving complex AI and ML challenges.,"Results-driven AI Professional with 8 years of experience specializing in Machine Learning, Deep Learning, and Python development. Proven track record of delivering production-grade AI solutions."
cand_ai_028,Candidate AI 28,Senior AI Engineer,Technology,5,Chennai,B.Tech in Computer Science from Stanford University,"pinecone, pandas, llms, vector embeddings, docker, deep learning, sql, python, fastapi, pytorch, tensorflow",True,45,0.58,True,1334,0,Senior AI Engineer passionate about solving complex AI and ML challenges.,"Results-driven AI Professional with 5 years of experience specializing in Machine Learning, Deep Learning, and Python development. Proven track record of delivering production-grade AI solutions."
cand_ai_029,Candidate AI 29,Lead AI Engineer,Technology,8,Gurgaon,M.S. in Computer Science from IIT Bombay,"rag systems, docker, pandas, sql, fastapi, git, aws, qdrant, python, tensorflow",False,90,0.91,False,22,0,Lead AI Engineer passionate about solving complex AI and ML challenges.,"Results-driven AI Professional with 8 years of experience specializing in Machine Learning, Deep Learning, and Python development. Proven track record of delivering production-grade AI solutions."
cand_ai_030,Candidate AI 30,Senior AI Engineer,Technology,2,Delhi,M.S. in Computer Science from IIT Delhi,"aws, fastapi, git, deep learning, transformers, pandas, tensorflow, docker, weaviate",True,15,0.94,False,420,1,Senior AI Engineer passionate about solving complex AI and ML challenges.,"Results-driven AI Professional with 5 years of experience specializing in Machine Learning, Deep Learning, and Python development. Proven track record of delivering production-grade AI solutions."
cand_ai_031,Candidate AI 31,Lead AI Engineer,Technology,11,Hyderabad,B.Tech in Computer Science from VIT University,"llms, semantic search, docker, machine learning, nlp, sql, transformers",True,60,0.54,True,770,0,Lead AI Engineer passionate about solving complex AI and ML challenges.,"Results-driven AI Professional with 11 years of experience specializing in Machine Learning, Deep Learning, and Python development. Proven track record of delivering production-grade AI solutions."
cand_ai_032,Candidate AI 32,Lead AI Engineer,Technology,9,Mumbai,M.S. in Computer Science from BITS Pilani,"transformers, machine learning, weaviate, pytorch, llms, tensorflow, qdrant",True,45,0.67,True,844,0,Lead AI Engineer passionate about solving complex AI and ML challenges.,"Results-driven AI Professional with 9 years of experience specializing in Machine Learning, Deep Learning, and Python development. Proven track record of delivering production-grade AI solutions."
cand_ai_033,Candidate AI 33,ML Engineer,Technology,4,Hyderabad,Dual Degree (B.Tech + M.Tech) in CS from MIT,"semantic search, scikit-learn, deep learning, pandas, tensorflow, qdrant, pytorch, fastapi, vector embeddings, docker, weaviate, git",True,30,0.73,True,10,1,ML Engineer passionate about solving complex AI and ML challenges.,"Results-driven AI Professional with 4 years of experience specializing in Machine Learning, Deep Learning, and Python development. Proven track record of delivering production-grade AI solutions."
cand_ai_034,Candidate AI 34,Lead AI Engineer,Technology,10,Mumbai,B.E. in Information Technology from MIT,"git, semantic search, numpy, aws, docker, rag systems, machine learning, scikit-learn, qdrant, sql, weaviate, tensorflow",True,15,0.78,True,583,0,Lead AI Engineer passionate about solving complex AI and ML challenges.,"Results-driven AI Professional with 10 years of experience specializing in Machine Learning, Deep Learning, and Python development. Proven track record of delivering production-grade AI solutions."
cand_ai_035,Candidate AI 35,Lead AI Engineer,Technology,10,Hyderabad,Dual Degree (B.Tech + M.Tech) in CS from BITS Pilani,"semantic search, docker, rag systems, fastapi, qdrant, llms, pytorch",False,90,0.6,False,476,0,Lead AI Engineer passionate about solving complex AI and ML challenges.,"Results-driven AI Professional with 10 years of experience specializing in Machine Learning, Deep Learning, and Python development. Proven track record of delivering production-grade AI solutions."
cand_ai_036,Candidate AI 36,Lead AI Engineer,Technology,8,Pune,B.Tech in Computer Science from BITS Pilani,"vector embeddings, scikit-learn, qdrant, fastapi, pytorch, git",False,15,0.87,False,400,1,Lead AI Engineer passionate about solving complex AI and ML challenges.,"Results-driven AI Professional with 8 years of experience specializing in Machine Learning, Deep Learning, and Python development. Proven track record of delivering production-grade AI solutions."
cand_ai_037,Candidate AI 37,ML Engineer,Technology,4,Chennai,M.S. in Computer Science from IIT Delhi,"faiss, qdrant, sql, numpy, docker, scikit-learn",True,15,0.95,False,781,0,ML Engineer passionate about solving complex AI and ML challenges.,"Results-driven AI Professional with 4 years of experience specializing in Machine Learning, Deep Learning, and Python development. Proven track record of delivering production-grade AI solutions."
cand_ai_038,Candidate AI 38,Lead AI Engineer,Technology,11,Noida,M.Tech in Artificial Intelligence from VIT University,"nlp, scikit-learn, numpy, tensorflow, sql, llms",False,30,0.99,True,682,0,Lead AI Engineer passionate about solving complex AI and ML challenges.,"Results-driven AI Professional with 11 years of experience specializing in Machine Learning, Deep Learning, and Python development. Proven track record of delivering production-grade AI solutions."
cand_ai_039,Candidate AI 39,Lead AI Engineer,Technology,11,Gurgaon,B.Tech in Computer Science from MIT,"numpy, deep learning, pinecone, weaviate, sql, nlp, qdrant",False,45,0.75,True,188,2,Lead AI Engineer passionate about solving complex AI and ML challenges.,"Results-driven AI Professional with 11 years of experience specializing in Machine Learning, Deep Learning, and Python development. Proven track record of delivering production-grade AI solutions."
cand_ai_040,Candidate AI 40,Lead AI Engineer,Technology,10,Pune,Dual Degree (B.Tech + M.Tech) in CS from BITS Pilani,"python, machine learning, deep learning, llms, rag systems, fastapi",False,90,0.6,False,1128,0,Lead AI Engineer passionate about solving complex AI and ML challenges.,"Results-driven AI Professional with 10 years of experience specializing in Machine Learning, Deep Learning, and Python development. Proven track record of delivering production-grade AI solutions."
cand_ai_041,Candidate AI 41,Lead AI Engineer,Technology,11,Hyderabad,M.S. in Computer Science from Carnegie Mellon University,"pinecone, aws, pytorch, transformers, faiss, tensorflow, qdrant, deep learning, machine learning, numpy, sql, vector embeddings",False,15,0.6,False,471,0,Lead AI Engineer passionate about solving complex AI and ML challenges.,"Results-driven AI Professional with 11 years of experience specializing in Machine Learning, Deep Learning, and Python development. Proven track record of delivering production-grade AI solutions."
cand_ai_042,Candidate AI 42,Lead AI Engineer,Technology,8,Noida,Dual Degree (B.Tech + M.Tech) in CS from Carnegie Mellon University,"aws, sql, scikit-learn, vector embeddings, docker, nlp",True,60,0.77,True,256,1,Lead AI Engineer passionate about solving complex AI and ML challenges.,"Results-driven AI Professional with 8 years of experience specializing in Machine Learning, Deep Learning, and Python development. Proven track record of delivering production-grade AI solutions."
cand_ai_043,Candidate AI 43,Lead AI Engineer,Technology,9,Noida,M.S. in Computer Science from MIT,"faiss, pinecone, pandas, nlp, git, deep learning",False,0,0.83,False,362,0,Lead AI Engineer passionate about solving complex AI and ML challenges.,"Results-driven AI Professional with 9 years of experience specializing in Machine Learning, Deep Learning, and Python development. Proven track record of delivering production-grade AI solutions."
cand_ai_044,Candidate AI 44,Senior AI Engineer,Technology,7,Bangalore,M.Tech in Artificial Intelligence from IIT Madras,"aws, transformers, semantic search, llms, vector embeddings, deep learning, nlp, git, pytorch",True,90,0.94,True,1134,0,Senior AI Engineer passionate about solving complex AI and ML challenges.,"Results-driven AI Professional with 7 years of experience specializing in Machine Learning, Deep Learning, and Python development. Proven track record of delivering production-grade AI solutions."
cand_ai_045,Candidate AI 45,Lead AI Engineer,Technology,10,Gurgaon,M.Tech in Artificial Intelligence from MIT,"git, aws, numpy, deep learning, weaviate, nlp, semantic search",False,90,0.68,False,26,1,Lead AI Engineer passionate about solving complex AI and ML challenges.,"Results-driven AI Professional with 10 years of experience specializing in Machine Learning, Deep Learning, and Python development. Proven track record of delivering production-grade AI solutions."
cand_ai_046,Candidate AI 46,Lead AI Engineer,Technology,8,Mumbai,B.Tech in Computer Science from MIT,"faiss, qdrant, transformers, fastapi, pandas, nlp",False,15,0.9,True,310,0,Lead AI Engineer passionate about solving complex AI and ML challenges.,"Results-driven AI Professional with 8 years of experience specializing in Machine Learning, Deep Learning, and Python development. Proven track record of delivering production-grade AI solutions."
cand_ai_047,Candidate AI 47,Lead AI Engineer,Technology,8,Chennai,M.S. in Computer Science from Delhi Technological University,"pandas, aws, weaviate, deep learning, docker, transformers, rag systems",False,45,0.66,False,405,0,Lead AI Engineer passionate about solving complex AI and ML challenges.,"Results-driven AI Professional with 8 years of experience specializing in Machine Learning, Deep Learning, and Python development. Proven track record of delivering production-grade AI solutions."
cand_ai_048,Candidate AI 48,Lead AI Engineer,Technology,10,Noida,B.Tech in Computer Science from VIT University,"pytorch, faiss, pandas, nlp, scikit-learn, machine learning, llms, git, deep learning, weaviate, sql",False,60,0.81,True,1398,1,Lead AI Engineer passionate about solving complex AI and ML challenges.,"Results-driven AI Professional with 10 years of experience specializing in Machine Learning, Deep Learning, and Python development. Proven track record of delivering production-grade AI solutions."
cand_ai_049,Candidate AI 49,Lead AI Engineer,Technology,12,Gurgaon,B.Tech in Computer Science from MIT,"semantic search, faiss, git, python, docker, fastapi, rag systems, vector embeddings",False,30,0.87,True,17,0,Lead AI Engineer passionate about solving complex AI and ML challenges.,"Results-driven AI Professional with 12 years of experience specializing in Machine Learning, Deep Learning, and Python development. Proven track record of delivering production-grade AI solutions."
cand_ai_050,Candidate AI 50,Lead AI Engineer,Technology,13,Mumbai,M.Tech in Artificial Intelligence from Delhi Technological University,"numpy, vector embeddings, aws, docker, rag systems, transformers, pinecone, semantic search, deep learning",True,0,0.86,True,733,0,Lead AI Engineer passionate about solving complex AI and ML challenges.,"Results-driven AI Professional with 13 years of experience specializing in Machine Learning, Deep Learning, and Python development. Proven track record of delivering production-grade AI solutions."
cand_ai_051,Candidate AI 51,Lead AI Engineer,Technology,15,Chennai,M.S. in Computer Science from MIT,"python, deep learning, tensorflow, sql, aws, faiss, transformers, vector embeddings, pinecone",True,45,0.62,False,22,2,Lead AI Engineer passionate about solving complex AI and ML challenges.,"Results-driven AI Professional with 15 years of experience specializing in Machine Learning, Deep Learning, and Python development. Proven track record of delivering production-grade AI solutions."
cand_ai_052,Candidate AI 52,Lead AI Engineer,Technology,13,Noida,M.Tech in Artificial Intelligence from VIT University,"tensorflow, semantic search, nlp, rag systems, fastapi, docker",True,90,0.56,False,1149,0,Lead AI Engineer passionate about solving complex AI and ML challenges.,"Results-driven AI Professional with 13 years of experience specializing in Machine Learning, Deep Learning, and Python development. Proven track record of delivering production-grade AI solutions."
cand_ai_053,Candidate AI 53,Lead AI Engineer,Technology,13,Bangalore,M.S. in Computer Science from Carnegie Mellon University,"python, faiss, scikit-learn, pytorch, tensorflow, git, llms, qdrant, nlp",True,45,0.72,True,354,0,Lead AI Engineer passionate about solving complex AI and ML challenges.,"Results-driven AI Professional with 13 years of experience specializing in Machine Learning, Deep Learning, and Python development. Proven track record of delivering production-grade AI solutions."
cand_ai_054,Candidate AI 54,Lead AI Engineer,Technology,13,Noida,B.Tech in Computer Science from IIT Delhi,"llms, semantic search, weaviate, tensorflow, deep learning, pandas, python, scikit-learn, numpy, faiss",False,30,0.69,False,158,2,Lead AI Engineer passionate about solving complex AI and ML challenges.,"Results-driven AI Professional with 13 years of experience specializing in Machine Learning, Deep Learning, and Python development. Proven track record of delivering production-grade AI solutions."
cand_ai_055,Candidate AI 55,Lead AI Engineer,Technology,15,Delhi,Dual Degree (B.Tech + M.Tech) in CS from BITS Pilani,"pinecone, llms, docker, faiss, numpy, vector embeddings, rag systems, sql",False,30,0.71,False,549,0,Lead AI Engineer passionate about solving complex AI and ML challenges.,"Results-driven AI Professional with 15 years of experience specializing in Machine Learning, Deep Learning, and Python development. Proven track record of delivering production-grade AI solutions."
cand_web_001,Candidate Web 1,Full Stack Engineer,Technology,6,Chennai,B.E. in Information Technology from BITS Pilani,"node.js, html, docker, javascript, git, css, tailwind css",False,0,0.74,True,201,0,Full Stack Developer specializing in React and Node.js,"Software Engineer with 6 years of experience designing, building, and deploying robust web applications."
cand_web_002,Candidate Web 2,Senior Full Stack Engineer,Technology,10,Pune,M.Tech in Artificial Intelligence from IIT Delhi,"typescript, react, javascript, docker, redux, mongodb, node.js, redis, css",False,0,0.45,False,414,0,Full Stack Developer specializing in React and Node.js,"Software Engineer with 10 years of experience designing, building, and deploying robust web applications."
cand_web_003,Candidate Web 3,Full Stack Engineer,Technology,7,Pune,B.E. in Information Technology from MIT,"typescript, node.js, html, git, graphql, javascript, aws, react, redis",False,60,0.7,True,363,0,Full Stack Developer specializing in React and Node.js,"Software Engineer with 7 years of experience designing, building, and deploying robust web applications."
cand_web_004,Candidate Web 4,Frontend Developer,Technology,3,Delhi,M.Tech in Artificial Intelligence from Stanford University,"html, node.js, graphql, mongodb, redis, next.js, javascript",False,90,0.77,False,73,1,Full Stack Developer specializing in React and Node.js,"Software Engineer with 3 years of experience designing, building, and deploying robust web applications."
cand_web_005,Candidate Web 5,Full Stack Engineer,Technology,5,Gurgaon,B.Tech in Computer Science from Stanford University,"postgresql, graphql, git, typescript, docker, node.js, css, next.js, aws",False,15,0.74,True,149,0,Full Stack Developer specializing in React and Node.js,"Software Engineer with 5 years of experience designing, building, and deploying robust web applications."
cand_web_006,Candidate Web 6,Senior Full Stack Engineer,Technology,9,Chennai,M.Tech in Artificial Intelligence from MIT,"graphql, node.js, tailwind css, git, docker, express, typescript, postgresql, redis",True,30,0.89,True,430,0,Full Stack Developer specializing in React and Node.js,"Software Engineer with 9 years of experience designing, building, and deploying robust web applications."
cand_web_007,Candidate Web 7,Senior Full Stack Engineer,Technology,9,Gurgaon,Dual Degree (B.Tech + M.Tech) in CS from IIT Bombay,"css, html, react, typescript, redux, next.js, docker, postgresql, node.js, tailwind css, aws",False,45,0.52,True,148,0,Full Stack Developer specializing in React and Node.js,"Software Engineer with 9 years of experience designing, building, and deploying robust web applications."
cand_web_008,Candidate Web 8,Full Stack Engineer,Technology,5,Gurgaon,M.Tech in Artificial Intelligence from IIT Delhi,"git, redux, javascript, graphql, mongodb, react, postgresql, redis, next.js, css",False,15,0.45,False,233,1,Full Stack Developer specializing in React and Node.js,"Software Engineer with 5 years of experience designing, building, and deploying robust web applications."
cand_web_009,Candidate Web 9,Frontend Developer,Technology,3,Delhi,M.Tech in Artificial Intelligence from VIT University,"redux, css, redis, aws, postgresql, react, node.js, graphql",True,30,0.51,True,492,0,Full Stack Developer specializing in React and Node.js,"Software Engineer with 3 years of experience designing, building, and deploying robust web applications."
cand_web_010,Candidate Web 10,Frontend Developer,Technology,2,Pune,B.E. in Information Technology from MIT,"typescript, tailwind css, node.js, redis, docker, redux, git, graphql",True,60,0.47,False,168,0,Full Stack Developer specializing in React and Node.js,"Software Engineer with 2 years of experience designing, building, and deploying robust web applications."
cand_web_011,Candidate Web 11,Full Stack Engineer,Technology,5,Bangalore,B.Tech in Computer Science from Stanford University,"tailwind css, git, css, node.js, express, redux, next.js, react, typescript, redis, docker",True,15,0.79,True,222,0,Full Stack Developer specializing in React and Node.js,"Software Engineer with 5 years of experience designing, building, and deploying robust web applications."
cand_web_012,Candidate Web 12,Full Stack Engineer,Technology,6,Hyderabad,M.Tech in Artificial Intelligence from IIIT Hyderabad,"javascript, graphql, redis, react, css, next.js, mongodb, docker",False,45,0.64,False,349,1,Full Stack Developer specializing in React and Node.js,"Software Engineer with 6 years of experience designing, building, and deploying robust web applications."
cand_web_013,Candidate Web 13,Full Stack Engineer,Technology,6,Bangalore,M.Tech in Artificial Intelligence from Stanford University,"graphql, rest api, docker, react, next.js, typescript, git, mongodb",False,30,0.74,True,416,0,Full Stack Developer specializing in React and Node.js,"Software Engineer with 6 years of experience designing, building, and deploying robust web applications."
cand_web_014,Candidate Web 14,Frontend Developer,Technology,2,Bangalore,M.Tech in Artificial Intelligence from IIT Delhi,"html, redis, redux, graphql, postgresql, javascript, typescript, tailwind css, git",False,60,0.8,False,563,0,Full Stack Developer specializing in React and Node.js,"Software Engineer with 2 years of experience designing, building, and deploying robust web applications."
cand_web_015,Candidate Web 15,Full Stack Engineer,Technology,6,Chennai,B.E. in Information Technology from VIT University,"postgresql, next.js, redux, javascript, react, node.js, aws, mongodb, typescript",True,15,0.46,True,326,0,Full Stack Developer specializing in React and Node.js,"Software Engineer with 6 years of experience designing, building, and deploying robust web applications."
cand_web_016,Candidate Web 16,Backend Developer,Technology,4,Chennai,Dual Degree (B.Tech + M.Tech) in CS from IIIT Hyderabad,"git, html, tailwind css, express, postgresql, javascript, next.js, react, aws, rest api, graphql",True,15,0.81,True,385,1,Full Stack Developer specializing in React and Node.js,"Software Engineer with 4 years of experience designing, building, and deploying robust web applications."
cand_web_017,Candidate Web 17,Frontend Developer,Technology,2,Gurgaon,Dual Degree (B.Tech + M.Tech) in CS from Stanford University,"redis, css, html, javascript, tailwind css, docker, git, node.js, rest api, react, aws",True,15,0.49,True,412,0,Full Stack Developer specializing in React and Node.js,"Software Engineer with 2 years of experience designing, building, and deploying robust web applications."
cand_web_018,Candidate Web 18,Backend Developer,Technology,4,Gurgaon,B.E. in Information Technology from IIT Delhi,"redux, rest api, graphql, node.js, git, docker, postgresql",False,0,0.48,True,423,0,Full Stack Developer specializing in React and Node.js,"Software Engineer with 4 years of experience designing, building, and deploying robust web applications."
cand_web_019,Candidate Web 19,Senior Full Stack Engineer,Technology,10,Delhi,B.E. in Information Technology from IIT Madras,"typescript, next.js, tailwind css, redux, rest api, aws",True,45,0.73,False,538,0,Full Stack Developer specializing in React and Node.js,"Software Engineer with 10 years of experience designing, building, and deploying robust web applications."
cand_web_020,Candidate Web 20,Full Stack Engineer,Technology,6,Pune,Dual Degree (B.Tech + M.Tech) in CS from Stanford University,"express, mongodb, javascript, tailwind css, aws, next.js, typescript, graphql, css, postgresql, html",False,0,0.67,False,104,1,Full Stack Developer specializing in React and Node.js,"Software Engineer with 6 years of experience designing, building, and deploying robust web applications."
cand_web_021,Candidate Web 21,Frontend Developer,Technology,2,Mumbai,M.Tech in Artificial Intelligence from Delhi Technological University,"node.js, postgresql, mongodb, redis, docker, graphql, next.js, react, express",True,60,0.53,True,50,0,Full Stack Developer specializing in React and Node.js,"Software Engineer with 2 years of experience designing, building, and deploying robust web applications."
cand_web_022,Candidate Web 22,Senior Full Stack Engineer,Technology,10,Noida,B.E. in Information Technology from Anna University,"docker, css, node.js, aws, next.js, react, redis, redux, typescript",True,45,0.54,True,253,0,Full Stack Developer specializing in React and Node.js,"Software Engineer with 10 years of experience designing, building, and deploying robust web applications."
cand_web_023,Candidate Web 23,Frontend Developer,Technology,2,Gurgaon,B.E. in Information Technology from VIT University,"redux, node.js, javascript, mongodb, typescript, docker, postgresql, express, css, redis, git",True,30,0.47,False,437,0,Full Stack Developer specializing in React and Node.js,"Software Engineer with 2 years of experience designing, building, and deploying robust web applications."
cand_web_024,Candidate Web 24,Full Stack Engineer,Technology,7,Mumbai,Dual Degree (B.Tech + M.Tech) in CS from IIT Bombay,"next.js, css, react, node.js, redux, javascript",True,15,0.46,False,67,1,Full Stack Developer specializing in React and Node.js,"Software Engineer with 7 years of experience designing, building, and deploying robust web applications."
cand_web_025,Candidate Web 25,Full Stack Engineer,Technology,6,Chennai,M.Tech in Artificial Intelligence from IIT Delhi,"mongodb, javascript, graphql, postgresql, redis, express, react, tailwind css, rest api, next.js, html",False,15,0.73,False,557,0,Full Stack Developer specializing in React and Node.js,"Software Engineer with 6 years of experience designing, building, and deploying robust web applications."
cand_web_026,Candidate Web 26,Frontend Developer,Technology,2,Gurgaon,B.E. in Information Technology from IIT Madras,"redux, rest api, css, git, react, aws, redis, express, graphql",False,90,0.8,True,560,0,Full Stack Developer specializing in React and Node.js,"Software Engineer with 2 years of experience designing, building, and deploying robust web applications."
cand_web_027,Candidate Web 27,Full Stack Engineer,Technology,7,Chennai,B.E. in Information Technology from Carnegie Mellon University,"graphql, next.js, html, javascript, react, mongodb",True,15,0.5,True,238,0,Full Stack Developer specializing in React and Node.js,"Software Engineer with 7 years of experience designing, building, and deploying robust web applications."
cand_web_028,Candidate Web 28,Senior Full Stack Engineer,Technology,8,Delhi,B.E. in Information Technology from MIT,"rest api, css, aws, next.js, mongodb, typescript, node.js",False,0,0.53,True,58,1,Full Stack Developer specializing in React and Node.js,"Software Engineer with 8 years of experience designing, building, and deploying robust web applications."
cand_web_029,Candidate Web 29,Senior Full Stack Engineer,Technology,8,Chennai,B.Tech in Computer Science from Carnegie Mellon University,"css, redux, graphql, javascript, rest api, postgresql, react, next.js, git, html, mongodb",False,45,0.5,True,291,0,Full Stack Developer specializing in React and Node.js,"Software Engineer with 8 years of experience designing, building, and deploying robust web applications."
cand_web_030,Candidate Web 30,Full Stack Engineer,Technology,5,Delhi,Dual Degree (B.Tech + M.Tech) in CS from VIT University,"docker, node.js, express, css, redis, tailwind css",True,90,0.83,False,527,0,Full Stack Developer specializing in React and Node.js,"Software Engineer with 5 years of experience designing, building, and deploying robust web applications."
cand_web_031,Candidate Web 31,Senior Full Stack Engineer,Technology,8,Noida,B.E. in Information Technology from IIIT Hyderabad,"mongodb, react, aws, html, typescript, redis, next.js",True,45,0.68,True,89,0,Full Stack Developer specializing in React and Node.js,"Software Engineer with 8 years of experience designing, building, and deploying robust web applications."
cand_web_032,Candidate Web 32,Senior Full Stack Engineer,Technology,10,Pune,B.Tech in Computer Science from Delhi Technological University,"css, react, aws, javascript, rest api, node.js, redis, git, graphql, typescript, mongodb",False,45,0.41,False,452,1,Full Stack Developer specializing in React and Node.js,"Software Engineer with 10 years of experience designing, building, and deploying robust web applications."
cand_web_033,Candidate Web 33,Full Stack Engineer,Technology,7,Mumbai,B.E. in Information Technology from IIT Bombay,"css, node.js, rest api, tailwind css, graphql, postgresql, express, html",True,90,0.65,True,203,0,Full Stack Developer specializing in React and Node.js,"Software Engineer with 7 years of experience designing, building, and deploying robust web applications."
cand_web_034,Candidate Web 34,Frontend Developer,Technology,3,Noida,B.E. in Information Technology from MIT,"docker, aws, react, git, css, redux, redis, tailwind css, node.js, rest api, postgresql",False,90,0.42,False,575,0,Full Stack Developer specializing in React and Node.js,"Software Engineer with 3 years of experience designing, building, and deploying robust web applications."
cand_web_035,Candidate Web 35,Senior Full Stack Engineer,Technology,8,Chennai,B.E. in Information Technology from Delhi Technological University,"tailwind css, html, css, graphql, rest api, express, next.js, git, typescript, react",False,90,0.71,True,378,0,Full Stack Developer specializing in React and Node.js,"Software Engineer with 8 years of experience designing, building, and deploying robust web applications."
cand_web_036,Candidate Web 36,Full Stack Engineer,Technology,6,Mumbai,Dual Degree (B.Tech + M.Tech) in CS from VIT University,"aws, rest api, javascript, graphql, next.js, tailwind css",False,0,0.94,False,351,1,Full Stack Developer specializing in React and Node.js,"Software Engineer with 6 years of experience designing, building, and deploying robust web applications."
cand_web_037,Candidate Web 37,Senior Full Stack Engineer,Technology,10,Chennai,M.Tech in Artificial Intelligence from IIIT Hyderabad,"redis, next.js, redux, react, aws, graphql, html, tailwind css, postgresql, node.js",False,30,0.46,False,266,0,Full Stack Developer specializing in React and Node.js,"Software Engineer with 10 years of experience designing, building, and deploying robust web applications."
cand_web_038,Candidate Web 38,Full Stack Engineer,Technology,5,Noida,Dual Degree (B.Tech + M.Tech) in CS from BITS Pilani,"node.js, aws, mongodb, css, javascript, typescript, rest api, redis",False,90,0.81,False,508,0,Full Stack Developer specializing in React and Node.js,"Software Engineer with 5 years of experience designing, building, and deploying robust web applications."
cand_web_039,Candidate Web 39,Full Stack Engineer,Technology,5,Chennai,M.Tech in Artificial Intelligence from MIT,"git, css, rest api, typescript, express, javascript, aws, redis",True,0,0.49,True,259,0,Full Stack Developer specializing in React and Node.js,"Software Engineer with 5 years of experience designing, building, and deploying robust web applications."
cand_web_040,Candidate Web 40,Senior Full Stack Engineer,Technology,9,Bangalore,B.Tech in Computer Science from Carnegie Mellon University,"postgresql, express, tailwind css, docker, rest api, javascript, redis",False,90,0.72,False,187,1,Full Stack Developer specializing in React and Node.js,"Software Engineer with 9 years of experience designing, building, and deploying robust web applications."
cand_pm_001,Candidate PM 1,Associate Product Manager,Technology,3,Pune,B.Tech in Computer Science from Carnegie Mellon University,"sql, data analytics, product management, user research, scrum, market analysis, wireframing, product analytics, jira",False,90,0.62,True,47,0,Product Manager driving user-centric products,"Experienced Product Manager with 3 years in tech, passionate about agile delivery and product-led growth."
cand_pm_002,Candidate PM 2,Senior Product Manager,Technology,5,Mumbai,MBA in Product Management from Stanford University,"data analytics, wireframing, jira, product roadmap, product analytics, market analysis, scrum",True,60,0.66,False,49,0,Product Manager driving user-centric products,"Experienced Product Manager with 5 years in tech, passionate about agile delivery and product-led growth."
cand_pm_003,Candidate PM 3,Senior Product Manager,Technology,5,Noida,B.Tech in Computer Science from IIIT Hyderabad,"product analytics, product roadmap, product management, jira, sql",True,90,0.63,False,37,1,Product Manager driving user-centric products,"Experienced Product Manager with 5 years in tech, passionate about agile delivery and product-led growth."
cand_pm_004,Candidate PM 4,Senior Product Manager,Technology,7,Gurgaon,MBA in Product Management from VIT University,"market analysis, scrum, product analytics, jira, sql, wireframing",False,60,0.88,False,43,0,Product Manager driving user-centric products,"Experienced Product Manager with 7 years in tech, passionate about agile delivery and product-led growth."
cand_pm_005,Candidate PM 5,Lead Product Manager,Technology,9,Chennai,B.Tech in Computer Science from Carnegie Mellon University,"data analytics, sql, product management, product roadmap, scrum, wireframing, jira, amplitude",True,30,0.81,False,42,0,Product Manager driving user-centric products,"Experienced Product Manager with 9 years in tech, passionate about agile delivery and product-led growth."
cand_pm_006,Candidate PM 6,Product Manager,Technology,4,Pune,MBA in Product Management from IIT Delhi,"jira, sql, agile, wireframing, product roadmap, data analytics, product management, market analysis",True,60,0.84,False,34,1,Product Manager driving user-centric products,"Experienced Product Manager with 4 years in tech, passionate about agile delivery and product-led growth."
cand_pm_007,Candidate PM 7,Lead Product Manager,Technology,11,Pune,B.Tech in Computer Science from MIT,"product analytics, sql, wireframing, agile, user research, product roadmap",True,90,0.89,False,27,0,Product Manager driving user-centric products,"Experienced Product Manager with 11 years in tech, passionate about agile delivery and product-led growth."
cand_pm_008,Candidate PM 8,Senior Product Manager,Technology,7,Chennai,MBA in Product Management from Anna University,"jira, product analytics, user research, wireframing, scrum, market analysis, agile, product management, sql",False,30,0.86,True,37,0,Product Manager driving user-centric products,"Experienced Product Manager with 7 years in tech, passionate about agile delivery and product-led growth."
cand_pm_009,Candidate PM 9,Senior Product Manager,Technology,6,Pune,B.Tech in Computer Science from IIT Bombay,"jira, user research, data analytics, product roadmap, scrum, amplitude",False,30,0.84,True,47,1,Product Manager driving user-centric products,"Experienced Product Manager with 6 years in tech, passionate about agile delivery and product-led growth."
cand_pm_010,Candidate PM 10,Senior Product Manager,Technology,5,Bangalore,MBA in Product Management from IIT Bombay,"product roadmap, jira, agile, user research, product analytics, product management, market analysis, sql",True,60,0.62,False,17,0,Product Manager driving user-centric products,"Experienced Product Manager with 5 years in tech, passionate about agile delivery and product-led growth."
cand_pm_011,Candidate PM 11,Lead Product Manager,Technology,11,Gurgaon,B.Tech in Computer Science from BITS Pilani,"agile, wireframing, market analysis, product roadmap, data analytics, amplitude, product management, jira, sql",True,30,0.77,True,41,0,Product Manager driving user-centric products,"Experienced Product Manager with 11 years in tech, passionate about agile delivery and product-led growth."
cand_pm_012,Candidate PM 12,Associate Product Manager,Technology,3,Bangalore,MBA in Product Management from IIIT Hyderabad,"jira, product roadmap, sql, product analytics, product management, scrum",False,90,0.63,False,35,1,Product Manager driving user-centric products,"Experienced Product Manager with 3 years in tech, passionate about agile delivery and product-led growth."
cand_pm_013,Candidate PM 13,Lead Product Manager,Technology,9,Delhi,B.Tech in Computer Science from Anna University,"sql, data analytics, product management, jira, market analysis, product roadmap, user research, product analytics, wireframing",False,30,0.69,False,36,0,Product Manager driving user-centric products,"Experienced Product Manager with 9 years in tech, passionate about agile delivery and product-led growth."
cand_pm_014,Candidate PM 14,Lead Product Manager,Technology,10,Mumbai,MBA in Product Management from IIIT Hyderabad,"sql, jira, product management, agile, amplitude, wireframing",True,90,0.72,False,48,0,Product Manager driving user-centric products,"Experienced Product Manager with 10 years in tech, passionate about agile delivery and product-led growth."
cand_pm_015,Candidate PM 15,Lead Product Manager,Technology,11,Bangalore,B.Tech in Computer Science from IIT Bombay,"product roadmap, product management, product analytics, agile, jira",False,90,0.81,True,49,1,Product Manager driving user-centric products,"Experienced Product Manager with 11 years in tech, passionate about agile delivery and product-led growth."
cand_pm_016,Candidate PM 16,Lead Product Manager,Technology,8,Pune,MBA in Product Management from IIT Bombay,"user research, scrum, product roadmap, sql, amplitude, data analytics, wireframing, product management, jira",True,30,0.84,False,49,0,Product Manager driving user-centric products,"Experienced Product Manager with 8 years in tech, passionate about agile delivery and product-led growth."
cand_pm_017,Candidate PM 17,Product Manager,Technology,4,Bangalore,B.Tech in Computer Science from IIIT Hyderabad,"product analytics, product roadmap, scrum, agile, product management",False,90,0.78,False,18,0,Product Manager driving user-centric products,"Experienced Product Manager with 4 years in tech, passionate about agile delivery and product-led growth."
cand_pm_018,Candidate PM 18,Lead Product Manager,Technology,11,Hyderabad,MBA in Product Management from IIT Bombay,"product roadmap, product management, agile, jira, product analytics, market analysis, wireframing",True,30,0.73,False,1,1,Product Manager driving user-centric products,"Experienced Product Manager with 11 years in tech, passionate about agile delivery and product-led growth."
cand_pm_019,Candidate PM 19,Senior Product Manager,Technology,5,Pune,B.Tech in Computer Science from Anna University,"product management, market analysis, amplitude, user research, agile, jira, product roadmap",True,60,0.65,True,12,0,Product Manager driving user-centric products,"Experienced Product Manager with 5 years in tech, passionate about agile delivery and product-led growth."
cand_pm_020,Candidate PM 20,Senior Product Manager,Technology,5,Gurgaon,MBA in Product Management from VIT University,"amplitude, user research, product analytics, data analytics, product roadmap, jira, market analysis, scrum, product management",False,30,0.71,True,3,0,Product Manager driving user-centric products,"Experienced Product Manager with 5 years in tech, passionate about agile delivery and product-led growth."
cand_pm_021,Candidate PM 21,Lead Product Manager,Technology,10,Delhi,B.Tech in Computer Science from IIIT Hyderabad,"jira, data analytics, market analysis, scrum, agile, product analytics",True,90,0.86,True,37,1,Product Manager driving user-centric products,"Experienced Product Manager with 10 years in tech, passionate about agile delivery and product-led growth."
cand_pm_022,Candidate PM 22,Associate Product Manager,Technology,3,Gurgaon,MBA in Product Management from Stanford University,"agile, amplitude, sql, user research, wireframing, product roadmap",True,60,0.83,True,38,0,Product Manager driving user-centric products,"Experienced Product Manager with 3 years in tech, passionate about agile delivery and product-led growth."
cand_pm_023,Candidate PM 23,Senior Product Manager,Technology,7,Gurgaon,B.Tech in Computer Science from IIT Madras,"product analytics, product management, user research, sql, agile, jira, scrum, product roadmap, amplitude",False,30,0.88,True,45,0,Product Manager driving user-centric products,"Experienced Product Manager with 7 years in tech, passionate about agile delivery and product-led growth."
cand_pm_024,Candidate PM 24,Lead Product Manager,Technology,9,Noida,MBA in Product Management from VIT University,"wireframing, amplitude, market analysis, product management, data analytics, agile",False,30,0.9,False,22,1,Product Manager driving user-centric products,"Experienced Product Manager with 9 years in tech, passionate about agile delivery and product-led growth."
cand_pm_025,Candidate PM 25,Lead Product Manager,Technology,12,Gurgaon,B.Tech in Computer Science from Carnegie Mellon University,"product roadmap, jira, agile, user research, product analytics",True,30,0.69,False,32,0,Product Manager driving user-centric products,"Experienced Product Manager with 12 years in tech, passionate about agile delivery and product-led growth."
cand_civil_001,Candidate Civil 1,Senior Civil Engineer,Construction,6,Gurgaon,B.Tech in Civil Engineering from IIIT Hyderabad,"revit, surveying, site supervision, structural design, concrete design, civil engineering",True,30,0.4,False,0,0,Structural Engineer / Site Supervisor,Civil Engineer with 6 years of experience executing major real-estate and infrastructural developments.
cand_hr_001,Candidate HR 1,Talent Acquisition Specialist,Human Resources,5,Hyderabad,MBA in HR Management from MIT,"recruitment, talent acquisition, employee relations",False,60,0.93,True,0,0,HR Specialist and Talent Acquisition Leader,Human Resources Professional with 5 years of experience leading recruitment and employee relations workflows.
cand_civil_002,Candidate Civil 2,Senior Civil Engineer,Construction,10,Pune,B.Tech in Civil Engineering from VIT University,"structural design, project estimation, surveying, site supervision, concrete design, civil engineering",True,60,0.47,True,0,0,Structural Engineer / Site Supervisor,Civil Engineer with 10 years of experience executing major real-estate and infrastructural developments.
cand_hr_002,Candidate HR 2,HR Manager,Human Resources,4,Bangalore,MBA in HR Management from Delhi Technological University,"recruitment, talent acquisition, employee relations",True,30,0.89,True,0,0,HR Specialist and Talent Acquisition Leader,Human Resources Professional with 4 years of experience leading recruitment and employee relations workflows.
cand_civil_003,Candidate Civil 3,Senior Civil Engineer,Construction,7,Noida,B.Tech in Civil Engineering from VIT University,"revit, concrete design, civil engineering, project estimation, structural design, site supervision",False,60,0.57,True,0,0,Structural Engineer / Site Supervisor,Civil Engineer with 7 years of experience executing major real-estate and infrastructural developments.
cand_hr_003,Candidate HR 3,Talent Acquisition Specialist,Human Resources,7,Bangalore,MBA in HR Management from Stanford University,"recruitment, talent acquisition, employee relations",True,60,0.86,True,0,0,HR Specialist and Talent Acquisition Leader,Human Resources Professional with 7 years of experience leading recruitment and employee relations workflows.
cand_civil_004,Candidate Civil 4,Site Engineer,Construction,3,Gurgaon,B.Tech in Civil Engineering from Delhi Technological University,"autocad, site supervision, staad pro, surveying",True,60,0.72,False,0,0,Structural Engineer / Site Supervisor,Civil Engineer with 3 years of experience executing major real-estate and infrastructural developments.
cand_hr_004,Candidate HR 4,HR Manager,Human Resources,6,Gurgaon,MBA in HR Management from Anna University,"recruitment, talent acquisition, employee relations",True,30,0.78,False,0,0,HR Specialist and Talent Acquisition Leader,Human Resources Professional with 6 years of experience leading recruitment and employee relations workflows.
cand_civil_005,Candidate Civil 5,Senior Civil Engineer,Construction,6,Noida,B.Tech in Civil Engineering from MIT,"surveying, staad pro, structural design, revit",True,30,0.36,False,0,0,Structural Engineer / Site Supervisor,Civil Engineer with 6 years of experience executing major real-estate and infrastructural developments.
cand_hr_005,Candidate HR 5,Talent Acquisition Specialist,Human Resources,9,Pune,MBA in HR Management from VIT University,"recruitment, talent acquisition, employee relations",False,60,0.96,False,0,0,HR Specialist and Talent Acquisition Leader,Human Resources Professional with 9 years of experience leading recruitment and employee relations workflows.
cand_civil_006,Candidate Civil 6,Structural Engineer,Construction,4,Bangalore,B.Tech in Civil Engineering from VIT University,"civil engineering, staad pro, site supervision, surveying",True,30,0.58,True,0,0,Structural Engineer / Site Supervisor,Civil Engineer with 4 years of experience executing major real-estate and infrastructural developments.
cand_hr_006,Candidate HR 6,HR Manager,Human Resources,9,Gurgaon,MBA in HR Management from Delhi Technological University,"recruitment, talent acquisition, employee relations",False,60,0.89,False,0,0,HR Specialist and Talent Acquisition Leader,Human Resources Professional with 9 years of experience leading recruitment and employee relations workflows.
cand_civil_007,Candidate Civil 7,Senior Civil Engineer,Construction,9,Bangalore,B.Tech in Civil Engineering from Carnegie Mellon University,"staad pro, project estimation, civil engineering, surveying, site supervision",True,45,0.61,False,0,0,Structural Engineer / Site Supervisor,Civil Engineer with 9 years of experience executing major real-estate and infrastructural developments.
cand_hr_007,Candidate HR 7,Talent Acquisition Specialist,Human Resources,9,Chennai,MBA in HR Management from VIT University,"recruitment, talent acquisition, employee relations",True,15,0.84,False,0,0,HR Specialist and Talent Acquisition Leader,Human Resources Professional with 9 years of experience leading recruitment and employee relations workflows.
cand_civil_008,Candidate Civil 8,Site Engineer,Construction,3,Noida,B.Tech in Civil Engineering from Carnegie Mellon University,"civil engineering, project estimation, staad pro, concrete design, revit, surveying, site supervision",True,45,0.4,True,0,0,Structural Engineer / Site Supervisor,Civil Engineer with 3 years of experience executing major real-estate and infrastructural developments.
cand_hr_008,Candidate HR 8,HR Manager,Human Resources,7,Noida,MBA in HR Management from Carnegie Mellon University,"recruitment, talent acquisition, employee relations",True,30,0.76,True,0,0,HR Specialist and Talent Acquisition Leader,Human Resources Professional with 7 years of experience leading recruitment and employee relations workflows.
cand_civil_009,Candidate Civil 9,Senior Civil Engineer,Construction,7,Bangalore,B.Tech in Civil Engineering from Stanford University,"revit, concrete design, staad pro, site supervision",False,45,0.53,True,0,0,Structural Engineer / Site Supervisor,Civil Engineer with 7 years of experience executing major real-estate and infrastructural developments.
cand_hr_009,Candidate HR 9,Talent Acquisition Specialist,Human Resources,5,Noida,MBA in HR Management from Stanford University,"recruitment, talent acquisition, employee relations",False,15,0.77,True,0,0,HR Specialist and Talent Acquisition Leader,Human Resources Professional with 5 years of experience leading recruitment and employee relations workflows.
cand_civil_010,Candidate Civil 10,Senior Civil Engineer,Construction,6,Hyderabad,B.Tech in Civil Engineering from Anna University,"civil engineering, project estimation, structural design, staad pro",False,30,0.54,False,0,0,Structural Engineer / Site Supervisor,Civil Engineer with 6 years of experience executing major real-estate and infrastructural developments.
cand_hr_010,Candidate HR 10,HR Manager,Human Resources,3,Gurgaon,MBA in HR Management from Carnegie Mellon University,"recruitment, talent acquisition, employee relations",False,60,0.86,False,0,0,HR Specialist and Talent Acquisition Leader,Human Resources Professional with 3 years of experience leading recruitment and employee relations workflows.
cand_civil_011,Candidate Civil 11,Structural Engineer,Construction,4,Mumbai,B.Tech in Civil Engineering from VIT University,"staad pro, project estimation, autocad, structural design, surveying, civil engineering",False,45,0.36,False,0,0,Structural Engineer / Site Supervisor,Civil Engineer with 4 years of experience executing major real-estate and infrastructural developments.
cand_hr_011,Candidate HR 11,Talent Acquisition Specialist,Human Resources,7,Gurgaon,MBA in HR Management from Stanford University,"recruitment, talent acquisition, employee relations",False,60,0.89,True,0,0,HR Specialist and Talent Acquisition Leader,Human Resources Professional with 7 years of experience leading recruitment and employee relations workflows.
cand_civil_012,Candidate Civil 12,Senior Civil Engineer,Construction,6,Noida,B.Tech in Civil Engineering from Anna University,"civil engineering, autocad, structural design, project estimation, site supervision, surveying",True,45,0.78,False,0,0,Structural Engineer / Site Supervisor,Civil Engineer with 6 years of experience executing major real-estate and infrastructural developments.
cand_hr_012,Candidate HR 12,HR Manager,Human Resources,10,Bangalore,MBA in HR Management from Delhi Technological University,"recruitment, talent acquisition, employee relations",True,15,0.9,False,0,0,HR Specialist and Talent Acquisition Leader,Human Resources Professional with 10 years of experience leading recruitment and employee relations workflows.
cand_civil_013,Candidate Civil 13,Site Engineer,Construction,3,Pune,B.Tech in Civil Engineering from IIIT Hyderabad,"structural design, autocad, revit, concrete design, civil engineering, surveying, site supervision",False,60,0.73,True,0,0,Structural Engineer / Site Supervisor,Civil Engineer with 3 years of experience executing major real-estate and infrastructural developments.
cand_hr_013,Candidate HR 13,Talent Acquisition Specialist,Human Resources,9,Noida,MBA in HR Management from MIT,"recruitment, talent acquisition, employee relations",True,15,0.77,True,0,0,HR Specialist and Talent Acquisition Leader,Human Resources Professional with 9 years of experience leading recruitment and employee relations workflows.
cand_civil_014,Candidate Civil 14,Structural Engineer,Construction,4,Hyderabad,B.Tech in Civil Engineering from Stanford University,"structural design, revit, project estimation, autocad, concrete design, civil engineering",True,30,0.79,False,0,0,Structural Engineer / Site Supervisor,Civil Engineer with 4 years of experience executing major real-estate and infrastructural developments.
cand_hr_014,Candidate HR 14,HR Manager,Human Resources,4,Chennai,MBA in HR Management from VIT University,"recruitment, talent acquisition, employee relations",False,60,0.88,True,0,0,HR Specialist and Talent Acquisition Leader,Human Resources Professional with 4 years of experience leading recruitment and employee relations workflows.
cand_civil_015,Candidate Civil 15,Senior Civil Engineer,Construction,5,Bangalore,B.Tech in Civil Engineering from Anna University,"surveying, site supervision, structural design, concrete design, project estimation, revit, civil engineering",False,60,0.66,False,0,0,Structural Engineer / Site Supervisor,Civil Engineer with 5 years of experience executing major real-estate and infrastructural developments.
cand_hr_015,Candidate HR 15,Talent Acquisition Specialist,Human Resources,10,Hyderabad,MBA in HR Management from Delhi Technological University,"recruitment, talent acquisition, employee relations",True,15,0.77,False,0,0,HR Specialist and Talent Acquisition Leader,Human Resources Professional with 10 years of experience leading recruitment and employee relations workflows.
